X1,X2,Zustand
-0.4526872848546039,0.22657835403866453,1
-0.10163317404232464,0.4496811529756436,1
0.4537126085393195,0.05352146015949216,1
-0.083287514556388,-0.8443301007468075,0
-0.06803112512861406,0.3493275572085025,1
-0.6094666962738395,-0.033346231793678655,1
0.6822383586632484,0.771199108006728,0
-0.23934155078457447,-0.004188659253872113,1
0.12151912066769935,-0.45306694783218443,1
0.8375401660165015,0.06098919078638393,0
-0.04366406291061385,0.43966940137978927,1
0.2951110974116916,-0.18680045410603596,1
0.5053136529838396,0.2373992798052722,1
-0.4766842531890005,-0.021107598680190548,1
-0.8898260419752201,0.8565548737879176,0
0.4009789155030546,-0.1340528904815143,1
0.8798872502390502,-0.1576980769490702,0
-1.1578418750333102,0.3116893833055787,0
-0.9558139729909991,-0.6811175865912324,0
-1.0942327871285755,-0.019643086723607123,0
-1.0069186097069547,-0.4033060853648972,0
0.17025755160350092,-0.6610139940143861,1
-1.0565983464549649,-0.37706519469804844,0
1.0222632863527947,0.21310954049163514,0
-0.8728860041545273,-0.8689251054903996,0
0.3366526982361761,-1.0018468688104032,0
0.20439395722237708,-0.43680453581110995,1
-0.6074052043974852,-0.9592611213112631,0
0.3971335648022719,-0.0003190094062818852,1
0.5732780379421831,-0.1348538075697267,1
-0.36648947605812104,-0.9316391933308894,0
0.4465164373411793,-0.10333449152932497,1
-0.3336843554787445,0.25599632647598014,1
0.14135605660736233,-0.9812292639038583,0
0.49239233482548583,-0.8577366661554527,0
0.33630356140834855,0.1608752805562314,1
-0.06424823848201466,-0.5956470513371898,1
-1.0857456232620089,-0.0455028087586713,0
0.4017423307012795,-0.013606800631980422,1
-0.027505158716155442,0.641360588432845,1
-0.7511063813484512,0.6023996981281414,0
-0.05527322462442785,0.5349460246428306,1
-0.22930041063603218,0.7222458304510844,0
-0.22340091387291894,-0.4237080811213414,1
-0.8269589405735304,0.6135949139809295,0
-0.9965444684037251,-0.04344776591771325,0
0.5306585727863405,-0.13566919151246476,1
-1.0170224955142795,-0.36626174977833176,0
-0.8911796453100255,-0.0769793018633951,0
0.5630702824170805,-0.2081137261173278,1
-0.8971347758476977,0.54961400663049,0
-0.048764808051581336,-0.46884590697501133,1
-0.7978619703580555,0.28745988127248334,0
0.033971262976400296,-1.0053224913422503,0
-1.1031487632335417,-0.4310537845902876,0
0.7534445679306245,0.7756854980870811,0
-0.2561201208335423,0.24713773357650426,1
0.7260382486689377,-0.7146965562256106,0
0.2784263849542453,0.49356894828984715,1
0.43661412400942035,-0.32550960992032585,1
-0.8787458535295276,0.10887709872868798,0
-0.4696179572862287,-0.09741710218442781,1
-1.1631137303272943,0.19856643600895485,0
0.006580988326562565,-0.49702344813820454,1
0.9857376363314598,0.10617968545363009,0
1.017273056742808,-0.4550168959471905,0
0.32534489409067935,-0.2692911443864079,1
-0.227296859782294,1.05239250807972,0
0.6692680835933663,-0.21587098396043966,1
0.17673232222958601,1.0027667429804494,0
0.03163145126046231,1.117112249449966,0
0.4759381939973298,-1.0014317451459362,0
0.00924509983274338,-1.0374371186299107,0
0.4704258285308076,0.31616721281873916,1
-0.34565260758674976,0.3451328881831573,1
0.742959755096835,0.2979308521900166,0
-0.7546636516839701,0.7299513299063296,0
-0.675047237477582,0.10087042150424128,1
0.9891413648820278,0.5535191642000559,0
0.11161510736897022,-0.9232103755790501,0
0.5197161687333339,0.7912184902462049,0
-0.7088779363389042,0.9411103799542645,0
0.3434721623915822,0.7572793286450679,0
0.63824199825701,-0.192264281946744,1
0.3799274612295036,0.35767103666344646,1
0.4986165747181289,-0.26508671063777023,1
0.5645330961832911,0.3592282718963401,1
-0.48569402842549364,-0.3224990733516928,1
0.11480786636348904,1.0915801954996118,0
-0.3753090894879681,0.41831636583666876,1
-0.43236010622542087,-0.11257637734421586,1
-0.47591685985457494,0.2729242481609565,1
0.9216025389609359,0.24882911723794063,0
-0.17726809453689432,-0.2826192229752799,1
0.27035148188100816,-0.45885650480305257,1
-0.351951517956067,-0.2358289582455575,1
-0.2548649842955064,-0.3453501814418107,1
-0.15768732834195406,-0.6311474533252521,1
0.41084749051912967,0.24693735658552918,1
0.299637836741583,0.4148170677505444,1
-0.44656112892239924,-0.12403225565678176,1
-0.21895605356519274,-0.4036533795277735,1
0.23886053265054358,0.044239462386552464,1
0.056473681479206506,-0.4608372064119313,1
-0.2184435886676212,-0.9732541344924985,0
0.04458748697872969,-0.7357542919712446,0
0.08064233560192324,0.4070120897473342,1
-0.17068659128011096,-0.43795388504828275,1
-0.8062199910193093,-0.8935648972552945,0
-0.46974621316587833,-0.34958780956814806,1
-0.29175845018507635,0.29195349485539357,1
0.22449450900128057,0.44497030280163696,1
0.4831747128847883,0.0013543604283733912,1
0.23341437005510998,-0.8130208735655222,0
0.24263199141601838,0.15844826232333203,1
0.954456742650243,-0.3454865106395037,0
0.1915499831283959,0.5001981177800049,1
0.6062233890893467,0.8993153877120226,0
0.10384804101717998,-0.40803820831276694,1
-0.35700920127011726,0.39503048790890455,1
-0.48854010469189696,-0.9517282394841553,0
-0.05656638246355081,-0.35842495052123,1
1.0049229839953502,0.5595103345938739,0
-0.8097566540791675,-0.4590046489257914,0
-0.23511291626421693,-0.5120670861880899,1
-0.08397063268617,0.5413973563402216,1
-1.0835320358156555,-0.30487598993658327,0
-0.6380465539060952,-0.6808517015160567,0
0.9813993419054555,-0.4103330666095325,0
0.08429134032074105,0.5528695948657996,1
-0.5287470178149085,-0.8749071744013822,0
0.19158814711905842,-0.5014750292825164,1
-0.15798583123474885,-0.36557189358445086,1
-0.3088968713056341,0.13318367390862623,1
0.26953781554696,-0.9252801642725864,0
0.9079866541613357,-0.31629469571515345,0
0.8883640540272845,-0.08626296975581799,0
-0.3130154882214622,0.6787348725010013,1
0.18336491568592708,-0.3553437926630913,1
-0.5124974915067351,-0.3747823841888156,1
0.2567306699502127,0.8686162094711213,0
0.04261055037167631,0.4258337834341852,1
0.5783487802274622,0.2268066823594187,1
-0.0889861842364198,0.5110934789975193,1
-0.13463952884124247,-0.5461786552311566,1
0.20044610562729587,0.34655731582640636,1
-0.2379831436956839,-0.41124791102991837,1
-0.1431397959341054,-0.9748005803071852,0
0.4742858828179448,-0.07636785338463359,1
1.0361642221460623,-0.3113587239980122,0
-0.8173582743352569,0.5874298927284338,0
-0.5804127237723009,-0.9876930368252407,0
-0.3659375190153056,-0.30215162742082213,1
-0.04746724497447803,0.6082328112944495,1
1.1317301285602228,-0.2977610360155998,0
0.8172272537963915,-0.504657303817331,0
0.4493663657830138,-0.8415706693590688,0
1.0123610273332377,-0.16229400488326,0
0.9996469897337223,0.49162735462406326,0
-0.8785473371052968,-0.73930311338973,0
1.1111507689027948,0.02048190021932488,0
1.0467495095464985,-0.3634206747653441,0
-0.6682226363665231,-0.2304994580363821,1
-0.46489246878834434,-0.016680229851599004,1
0.5725334426324703,0.8862813227301848,0
-0.39219861559294106,0.3255665640668264,1
0.9764546049041928,-0.24122191959684608,0
-0.36426456468809715,1.0687479501298671,0
0.5043452590636958,-0.3492670384508734,1
-0.3204700155685988,0.9869168737286462,0
-0.8412898900670196,0.3815835081525347,0
0.9732238245930022,0.6637654338661094,0
-0.5828637179699252,0.4259604019813238,1
0.36670327739601155,0.1425721834382455,1
-0.16749303160342502,-1.0634060503135243,0
-0.9629823356678964,-0.39327281422477484,0
-0.9699028623377316,0.25705359285265045,0
-0.42004721842500037,0.8277963240522462,0
0.8426558249253541,-0.47519918609625267,0
-0.8380320955157471,-0.5364546480682894,0
-0.39038946139100084,0.3954929996631764,1
-0.9629321991650017,0.05732127759812214,0
0.01391595127577068,-0.5795747491880513,1
-0.14243986225145094,1.0557440508077314,0
-0.02795843696597873,-0.4038691017975055,1
0.7375363157952112,-0.7033615212080019,0
-0.8517660858928563,0.14317421825824767,0
-0.08608033293987905,0.49903259150367707,1
0.49968000314112704,0.024264172939332862,1
0.49036281853687835,-0.15645745550820706,1
-0.0033788613999423678,-0.3946360825718613,1
-0.9358494136387239,-0.386013997345645,0
0.34217194320058175,0.3307558853272137,1
-0.2053967212967014,0.49327160478327853,1
-0.6475858635905801,-0.636971271379541,0
-0.9165305499266858,-0.21683590112830012,0
0.4214903961051381,-0.36558291477888255,1
0.5648364596615042,-1.0641966093820199,0
-0.8329170608504263,0.4778218457968611,0
-0.5379067784894029,0.20199221228509578,1
0.99706509364229,0.43079219749536046,0
0.23127206533600095,-0.42649192059947966,1
1.063621861858457,0.032218011214643225,0
-0.32635258427562563,-0.810941904023252,0
0.9283755025091364,0.07335482547981445,0
0.8223147531315655,0.2942537757674941,0
-0.44382930883582633,-1.2219700179623527,0
-0.6208272333943363,-0.25487071754757756,1
-0.553065931838738,1.1450270305405623,0
1.008183566854994,0.21096986136085624,0
-0.3337280290801895,0.8334218615557037,0
0.43111943319711565,0.24045489067157472,1
0.6009953955314139,0.694732425828029,0
0.6951267724836383,0.6432329301693758,0
0.45814520967671085,0.3411278183494688,1
-0.6810897695830672,-0.5489419234678566,0
0.476558826830084,0.022644958379222105,1
0.32695674070494657,0.18752424874012594,1
0.0910950681258087,0.21852893288986464,1
-1.1973863619534497,-0.39520746214392743,0
-0.3986854124260903,0.9886555951151448,0
0.13472350769593963,-0.496154504023721,1
-0.9986034218160174,0.5690773416978949,0
0.17892973801434944,0.36771443581682517,1
-0.11227246158877272,0.5079454224613192,1
0.3268295527936255,-0.4002872894079528,1
-0.747591452869498,0.2514747563920426,0
0.7993066601109061,0.7097018180407012,0
-0.5422483340209904,-0.6879130437477236,0
0.2747049978186632,-0.9017218664232298,0
-0.4122133473339816,-0.3087186717285122,1
0.22200266058877266,0.45480646999751617,1
-0.5493349435247091,-0.13367843826510917,1
0.4728724998107494,0.8053532438292115,0
-0.8050231777571696,-0.5654062503765199,0
0.059660804605639356,0.38223663024154647,1
0.031386680009016885,0.5808679874015065,1
0.9273040501214928,0.32681019194400635,0
-0.22282496310800617,-0.6142435050578596,1
-0.17622775089058593,-0.42663973310600406,1
-0.9460702562022805,-0.04221785050806287,0
-0.7431173090570578,-0.6261508556821214,0
0.2765923197475406,-0.5017268200673853,1
-0.05759244271843948,1.1417742915972329,0
-0.6282068700084534,-0.3588879019524991,1
0.21782581806018017,1.0619596353298413,0
-0.32093409336003803,0.5614465806309016,1
-0.3174130171454671,0.41672263960255834,1
0.3151596124737076,-0.5313703576561545,1
0.14496386264428468,1.3145698997546975,0
0.3425637638305733,-0.33199374494802547,1
-0.4392758836251527,-0.26706706748088305,1
-0.5174071479855171,0.8334451191332133,0
-0.20004651255697348,0.5156219959992023,1
-0.2851599027995387,-0.7835017149215895,0
0.45710235384472225,-0.4093492504889485,1
-0.3680497221371435,0.014591746123814503,1
0.4730984713586103,0.7034068922867199,0
-0.4057430189519567,0.25121300473813213,1
0.1015829528665052,-0.6835425407039276,1
-0.48199522010895723,-0.29787070909985647,1
0.451727401481344,-0.41046435420931626,1
0.25409807513799443,0.40512331995058337,1
-0.4352604430266552,0.2600658669851882,1
0.2722169483677136,0.5171800097889774,1
-0.48770141643871834,-0.42055538670281856,1
-1.1478271799554425,0.12245334529754928,0
0.39290340961229786,0.9999453356939324,0
-0.9056433959470044,0.01315646545540386,0
-0.7301060080868634,-0.767629079438942,0
-0.5621059126652668,-0.6927803532302734,0
-1.036245655970515,-0.38550175439538487,0
0.0647856067016991,0.4308756368818174,1
-0.3181167301209345,0.7824749337045569,0
-0.5710996115058671,0.8021665494114305,0
-0.0034321780963626203,0.4333493533802756,1
-1.0288322456239043,0.28507742348636483,0
0.3029996881378388,-0.3476131749520657,1
-0.12254082467733021,-0.40022950813755365,1
-0.2826136438287254,0.2847034443296631,1
0.9143085649166788,-0.13864800235361724,0
0.2665754811717127,0.43162432277343143,1
-0.39548651825516556,-0.448433895002981,1
0.06987299309472092,-0.4315391657862717,1
0.9438147816186264,0.4670286660719519,0
0.3901632757061529,-0.7812446555633868,0
0.4518817693602692,0.13058325290111172,1
0.18677023148234717,-1.0724675544020357,0
0.3814768594609773,-0.7332301173777276,0
0.053317043363815014,-0.5034231150824056,1
0.3168940582920917,0.8560254505402083,0
0.5683049864060759,0.7759843763139228,0
1.1451776787449748,0.12510555204748938,0
0.4467614593238291,1.0152145258123766,0
-0.40100465269891283,-0.30335110010486865,1
-0.2471482252424066,-1.0193207184153683,0
-0.2508836780222117,0.6053462584041788,1
-0.46080562935416536,-0.02341322919794188,1
-0.2783163474030068,0.7800697998914036,0
-0.0400418641559418,0.35036475885674656,1
-0.427161573448671,0.9110572313374431,0
-0.09706281200674033,-0.41837427152526613,1
0.13732400197206987,0.9664538902444698,0
0.4561799679075485,0.0033377570023311737,1
-0.3836663211069421,-0.49617171343158717,1
0.309815464269566,-0.4162867961516614,1
0.5997992004151542,0.8472322034758057,0
1.0783832281867394,0.20298801298221997,0
-0.28141576712368893,-0.42162420793013833,1
-0.26045999729074104,-1.0558438195349282,0
-0.6705778293651137,-0.8093443317429351,0
-0.9321631292042014,-0.6368462462224289,0
-0.13700567659103313,0.5136754307086483,1
0.28305401056119134,0.36818617469006365,1
0.6607524911365437,-0.1387283062080592,1
0.485189666880925,0.31395614208787614,1
0.10033576875684055,0.9741575731851271,0
-0.5103854830473393,0.9769478408627612,0
-0.2724002868847917,0.2772783422632876,1
-0.3702190386375132,-0.20999457897264268,1
0.05075495412110241,-0.45179649779573927,1
-0.8745341480863416,0.19576206556866893,0
-0.532074273869534,-0.7080577861640102,0
0.439469538631621,-0.5133723434670474,1
-0.6554121599266108,0.005111642652538356,1
0.6922518692541333,-0.5796642506245608,0
0.3607249705720432,0.21350872489692233,1
-0.458408754000229,0.09022232205788028,1
-0.07964764478404446,-0.3950971740314025,1
-0.002482760359352256,0.6026292309808936,1
0.2809215106887171,-0.5326788846567907,1
-1.002059417994066,-0.46376930954761847,0
-1.0313636091296425,-0.28598214215446266,0
-0.10571363273139142,0.4240678203187402,1
-0.25015196557381936,-1.0407178760984157,0
-0.18132631730982932,-0.8808392970536276,0
0.4755164067676667,-0.18663001497027443,1
0.8928060454771707,-0.6337980651135338,0
0.6043605696633686,-0.11465153126749283,1
-0.1366363610096403,1.0012030590003886,0
0.5910434003111128,0.12711940657479767,1
-0.8557878816023996,-0.09707430166113862,0
0.025172733969505368,-0.4647435817735233,1
-0.44381010561844336,-0.8899065016522115,0
0.2506544523870755,0.30764268951724383,1
-0.1028942398836978,-0.6234644686733459,1
0.2932828102504408,0.3352911048582969,1
0.1695954459836264,-0.5696735662780503,1
0.2579160430228034,0.3888037672152078,1
0.9982665664855128,0.06542386641716194,0
-0.42457441586920586,-0.29885231053738925,1
-0.18462728957820398,-0.8916992640490818,0
0.9532557676484278,0.4985141938338671,0
0.8750432446297761,0.6116162515709676,0
-0.6362680219904131,-0.01655876763894011,1
-0.12212728325755595,-0.4831518630214583,1
-0.3832288541765664,0.0657291678007797,1
0.4356077259227724,0.7498400021027214,0
0.13269008970137747,-0.5177911541673602,1
-0.14453054229185747,-0.6401647672730802,1
-0.7891559593019957,-0.7395735193083416,0
0.32629521488361113,1.0153289199103135,0
-0.4551122917139538,0.1591277053466579,1
0.10193741735047476,1.0400740235923758,0
0.37078632853843474,-0.7499602998775861,0
-0.9028551402627379,0.5500882081299753,0
0.3038721518825097,-0.8463857475755581,0
0.48690946259658274,0.218641469576373,1
-0.6999293347974337,-0.8525912041463198,0
-0.3982877669139988,0.2832089777474932,1
-0.25543228907134763,0.925834402704555,0
-0.01068607913638854,-1.143949300464148,0
-0.45906761123846657,-0.018307887994045015,1
0.4770851556406518,-0.2882551795141018,1
0.8910918187437395,0.6114844239303953,0
0.9741795013426454,-0.5585646377055414,0
0.8690873136740314,-0.4173526336959862,0
0.6881425986912731,-0.6334247124684033,0
0.9557902447179181,-0.3943365005891704,0
-0.45547898155940075,0.04658182434469497,1
0.4964787995949552,0.3294750020254251,1
1.0787571810142276,0.04958722599955284,0
0.8456389261129035,-0.5394340632277542,0
0.561857203066368,0.0558615456053822,1
0.36238512201728484,-1.0206839443034306,0
0.4780603080649023,-0.027911252580624775,1
-0.6670310528828989,0.13560354355558898,1
0.49397836981932985,-0.05872953175099027,1
-0.4532183458321077,-0.03379499350863661,1
0.4343070257671683,0.3818887472746131,1
0.7497853065078051,1.081007074850453,0
0.042304887277721234,-0.944168438770705,0
0.2534822108408913,1.0878242221492365,0
-0.29399326595679054,0.9186273640710368,0
-0.5214687022148496,0.059820204573724466,1
0.5812586270747695,0.011372739031071513,1
0.06268781531293223,1.1650885685421009,0
0.08528922380697684,0.5440611277106414,1
0.5509459503375614,0.41254763872535216,1
-0.127261822048241,0.5597322275937398,1
0.021470952400253242,-0.9563574330056379,0
-0.2946750633051454,-0.4429336767319523,1
0.42923917226337516,0.9268344379523127,0
-0.38673020171445666,-0.1675775307605264,1
0.5122465261948395,-0.6176676221524441,0
1.0151325466599332,0.10273701754584356,0
1.0256969484292884,-0.4029333137283589,0
0.50511926474335,-0.2674861246500693,1
-0.034641037540909345,0.48613325701748544,1
0.3727388377956318,-0.3310856926029786,1
-0.34900100360441233,1.077362700953269,0
-0.3072090718821189,0.42395066773826184,1
-0.05317283515722848,-0.6431405240897095,1
-0.3722210875724879,-0.9014825638313815,0
-0.8690384001721313,-0.6266521977703812,0
-0.12359464639029219,0.6460679876182516,1
1.0888435866417532,-0.5007266085427736,0
0.05696305287058,-0.44741283586749653,1
0.19790275086213985,-0.7776796882547192,0
-0.9109013645455513,0.04335096774861676,0
0.13385134379661795,0.6544849416429177,1
0.4103902749323052,0.9081919448513959,0
0.1443127228390519,-1.2250200555305284,0
0.20537011044999973,0.9051733944045977,0
-0.0571583260640793,-0.37290796450993857,1
0.3970755069007194,-0.310077649759374,1
-0.11408466176245709,0.41045195064467876,1
-0.3561818548574714,-0.23320444925072215,1
0.19773658511124437,0.2822674409167661,1
0.5828234868339326,-0.856340047336693,0
0.6866216260272635,0.6962187407796548,0
-0.08381157043806725,-0.5555772891967098,1
0.877442789845096,-0.7967505026420914,0
1.0216667562000867,0.0755258132173836,0
-0.10215575300828852,-0.1792718361538011,1
-0.9019840528447369,-0.12507813013718305,0
-0.2861399921812734,0.4498318791035698,1
-0.5215615127660307,-0.2916344314603088,1
0.905318848290465,-0.4745625435584433,0
-0.020730643148989758,-0.4825397435059474,1
0.3434508232086162,-0.06576131452586495,1
0.265271104892457,-0.5117370785103079,1
0.1911475711155689,0.35461008461646454,1
-0.09557971512329605,0.579311615687662,1
-0.4295735372634354,-0.2741436679016822,1
0.42170607665493176,0.0765400386830031,1
-0.9541728541026677,-0.31058186565420465,0
-0.5130726329686576,0.9631267138242969,0
-1.0003467722294763,-0.3073039529710337,0
-0.9163042880055196,0.4443115816622164,0
0.7253774411361382,0.8428375040951469,0
-0.2587902323548493,0.8900935246408802,0
0.7528841842183972,0.6151711791738388,0
0.5688215403765947,0.26218070117197756,1
-0.94752506010787,-0.2770525011557607,0
-0.5438907447598917,-0.041766539504174804,1
-0.4431556405463871,-0.2633491648197159,1
0.9865846159291245,-0.36700618883245517,0
0.16776627161084792,0.344079129377154,1
0.5766654312030393,-0.06047604737199504,1
0.5150703429046823,0.8524041739854654,0
-0.2858876957070058,-0.3510847545774295,1
-0.10704656810435823,-0.39126493224672537,1
0.5101586969717833,-0.2600017869719533,1
-0.5700583354976657,0.1648975282701347,1
-0.3506473765745658,0.28617063896690736,1
-0.6217457497002545,0.14527043103311413,1
0.26193055465348525,0.45575758205939637,1
-0.24395176835183552,0.2916050668980386,1
-0.7910945213343017,0.7200064293468439,0
-0.20001519092118386,-0.33443438503968825,1
0.08635826687838513,1.098233016656647,0
0.08237586724405434,0.9893708533250961,0
-0.9558799345678244,0.29571357445769175,0
-1.0216572047809427,-0.26187853341319955,0
-0.29370378534441943,0.41522892678399137,1
-0.09755615541195468,-0.517892619027832,1
0.17098280191643206,-0.28634339262770325,1
-0.5590807252697905,0.9312004737055715,0
0.17889317590879142,0.2860428654506586,1
-0.4191602800597356,0.18816717152532406,1
0.06333969581099641,0.37597502658610726,1
0.9821158353727822,-0.4987507514110213,0
0.14044378698115317,1.1622414128636782,0
-0.9386686763639543,0.5369592417139889,0
-0.23421065971265329,0.32233385970472006,1
0.45993520426016904,0.2940893616431149,1
-0.21870810592069007,0.2799985530442652,1
-0.5227487350517908,0.2638088242473423,1
0.8212186149755497,0.6132649412880606,0
0.029527708004777685,-0.45322929088949915,1
-0.703488398200664,0.7969342172465828,0
-0.6593270299712869,0.5443416105259967,0
0.3362347276884802,-0.32711789677381786,1
0.8186826652569212,-0.45846761343628134,0
0.06523367031887334,-1.1308850568408257,0
-0.9922322395474862,-0.10083226313728516,0
-0.7279378937177546,-0.5733378321108947,0
0.4277808677568481,0.06958081361985057,1
-0.15583611706259695,0.5095815326892109,1
-0.7663646317047375,-0.320921695861131,0
-0.7188875642824966,-0.04672096887498779,1
0.32967631064808833,0.4548965647299687,1
-0.8237214452735506,0.11593303244741299,0
0.3481792974666619,-0.2581859212615527,1
-0.2254059844524572,-0.42270086955721076,1
-0.6436512570887927,0.973947295038706,0
0.7141232812388105,-0.5846819921969074,0
0.4692731013936252,-0.26281225343304526,1
0.24038278548570907,-0.36316923139730684,1
-0.5210270978189637,0.8033314532241443,0
0.3490601641463797,0.28172127887414405,1
0.553292450890126,0.07401256164386533,1
-0.1387860117106347,-0.42708078420472523,1
-0.017765084205585882,-0.4290995842785681,1
0.6014984014615721,-0.892535616917446,0
-0.9843629561294929,-0.5672747983706148,0
-0.6438362977159552,-0.7402276918631001,0
0.5452541922693914,-0.32655741669405075,1
-0.814869762486619,0.7558279144353774,0
0.6280472129525547,-0.889291425345194,0
-0.21041622537058785,0.6768148006413123,1
0.5914095358383438,0.06395623335277306,1
1.0467643122263264,0.36884274859855826,0
0.011485521855324258,0.5951044133635979,1
-0.5134953275409988,-0.9821324378753842,0
1.0900483314630693,0.03629942102835139,0
-0.5131518427799888,-0.8905365367769236,0
0.2636215721263116,1.0144173882042704,0
-0.44526875689407064,0.09792886647171858,1
-1.0568631698120607,-0.08666125614399717,0
-0.8160641261140472,0.6451225340233303,0
-0.4377070652707485,-1.0304383267818442,0
-0.5259402109795657,0.30849393249394186,1
-0.32865071057061884,0.9792160633917836,0
-0.01258339884854466,-0.9643177931417193,0
-0.5206684066480173,-0.8552491034430608,0
0.3725416318334248,0.19203308812101402,1
-0.3026479348994881,-0.4932883867699802,1
-0.4749571783875264,-1.0243567604001456,0
0.783229037061366,0.31800426547264204,0
0.2385086201959415,0.5007708492463923,1
0.5778224408037504,0.7852263883987083,0
-0.23671769949547294,-0.9955472741923969,0
0.24467539624311033,0.5288861588064316,1
-0.6933173954962859,-0.659502140664789,0
-0.4427686906631956,0.024654975953285682,1
-0.4739330093806214,-0.48229807253728296,1
0.8848252848146504,0.36052650793440455,0
-0.9182291728488825,0.6077833850347326,0
-0.31121104209147743,0.37512841307291706,1
0.2926420513363919,-1.0418204546093568,0
0.8194451010735843,-0.19267369972910686,0
-1.0172440497723998,0.11373788268546128,0
-0.6500875829813717,-0.06775613954185472,1
0.03127008667131195,-0.6970303283040631,1
0.08244873914483457,-0.8709712099288694,0
0.33178073853791834,0.8928274490250047,0
-0.09579578249946422,0.5108410735082414,1
-1.076555865358724,0.13074572236580245,0
-0.29219124801022794,1.160717287529895,0
0.991263053709327,0.10582058667329927,0
-0.955725334521191,-0.6130206785929067,0
0.27479779094488865,-0.3147544457426133,1
-0.06308591042319969,0.4824746697306633,1
-0.5529441367855845,0.7601558837360657,0
0.2287205233454751,0.3851094554301634,1
-0.0940297516828904,0.4707745551173485,1
-0.36198632595826885,0.6674564999539492,1
0.4386602912385055,0.23556985381987544,1
0.6233862374444402,-0.7509826833656293,0
-1.074787936231369,0.2699720677762631,0
0.628521020679115,-0.8293603686970582,0
-0.22782546597603867,0.420971800106482,1
-0.48541426045001945,-0.26253467730997176,1
-0.4739437736664701,-0.9434084819517039,0
0.8989160294379044,0.05632981915714491,0
0.23274861582825446,0.3252820078276857,1
-0.32490035035690407,0.1579072325224276,1
1.1339224964832733,-0.047679928992481045,0
0.051019297059177855,-0.42263384300725926,1
-0.3305478919038793,0.4670436392653641,1
0.4059440435957058,0.3949963567422259,1
0.7867867235476615,0.7186691715258644,0
0.8074965216799574,-0.8049803617064231,0
0.25138241719271776,-0.8350655941124818,0
-0.17985219201706495,-0.42170042086799475,1
0.6489066686238216,-0.7176572537112631,0
-0.4166298588524142,-0.12386580031777135,1
-0.7858637624203892,0.7656237188395882,0
-0.5642038600890799,-0.6654622856438904,0
0.9588368378035798,-0.3798101260721622,0
1.0115533945704334,-0.3354985699879087,0
0.967140655372069,0.45176896902415126,0
0.20090911734612218,0.17557217325961877,1
-0.9192849951936144,0.14481640490916767,0
-0.47826460016707995,0.17049933270730527,1
-0.8789325696719039,0.0026910278635700873,0
0.7347557113035407,-0.9031958495039265,0
0.14368822936075026,-0.915005378195163,0
0.3133854853465098,-0.256960523939658,1
-0.8050589933642942,0.458618296376722,0
0.5169544686191835,-0.0842003283355097,1
0.7937297840901922,-0.1776480408604627,0
-0.49401831832407533,0.11541473668639575,1
0.2313474061290345,0.9479780132736583,0
-0.8656143912952201,0.5432890270322625,0
0.5386983955313062,0.8032682552632067,0
-0.283687260656331,0.8786600568628636,0
-0.5916722695626675,0.7621706527153461,0
0.4546842379462845,0.1255835828222222,1
-0.678467793684063,-0.02042992179700147,1
-0.21452172874393605,-0.43516068711736455,1
-0.016284132033332593,0.49134335086265246,1
0.894982423733182,-0.5188117961973716,0
-0.5894674138062406,-0.8543936399747373,0
0.570625756219204,0.9488924350261551,0
0.3601013395377388,-0.4373499668787965,1
0.35069860313750384,-0.38716083190235084,1
0.509238293844575,-0.8697202387424866,0
-0.8440245955865252,0.39729996524104694,0
-1.036535901372557,0.213740795026489,0
0.42783780771993946,-0.08337922624676941,1
-0.2970992037313711,0.48494880106086763,1
0.2606813665846179,0.49243534805888295,1
0.07128001144142547,0.6604361779796651,1
0.4878814463809691,0.002727212997811968,1
0.5001324759675789,-0.9605187032426314,0
0.20680745398701117,1.0521787460272842,0
-0.8276167452932702,-0.9891888032017724,0
-0.8478462111958042,-0.60386271771467,0
0.8302292303906894,0.045636622864903074,0
0.6874085984258849,0.8797464055402654,0
-0.2641514672148955,1.0824330405556206,0
0.8284755997821217,0.5360689879846654,0
0.975366244518648,0.2903542692691534,0
-0.5630026433141972,-0.2128828971944311,1
0.7247389224970906,0.1874230528638014,0
0.999663088484172,-0.19013605752494728,0
0.38933932178958125,0.9999230781745311,0
-0.4455175028318457,0.436409266615678,1
0.4345817512615203,-0.32328874508704997,1
-0.10979882680535771,0.909432134353022,0
-1.1043244985099745,-0.1499501056093982,0
0.10585688733689044,0.7020363015706801,0
0.4229642683107494,-0.8225457143983982,0
-0.1661552467310542,-0.38911474367217225,1
0.11825740829494787,-0.47823710763527477,1
-0.5609934818510582,0.07255461789489277,1
-0.44962998484482036,-0.27638007953931465,1
0.9640159720734427,0.08318603082592363,0
0.8273656168723789,-0.39775043378759645,0
0.756447843348554,0.5821329346883235,0
-0.28053197866373886,-1.0082407924082644,0
-0.05801663950834482,-1.0983779345359048,0
0.3326609418679097,-0.406585606634334,1
0.6073920352275537,0.7637758977541855,0
-0.2956998419041059,-0.9568746095182772,0
0.2826714707732503,-0.5977938748218862,1
0.00350217031583816,-0.4557303042626023,1
-0.5337811756440247,0.8595619001787045,0
0.4323671409072998,-0.29740216302066513,1
0.5305888874590774,-0.20718294388213354,1
-0.3380552730909269,0.45760846177537234,1
0.7466668826717067,-0.5168465842328646,0
-0.7946701612964355,0.03793934643669909,0
0.984272182786498,0.6349253295539371,0
-1.0026878747580124,-0.062051043825861074,0
-0.6213047152700267,-0.8233285557475505,0
-0.22637432574412086,1.0941056906490574,0
0.555119342616213,-0.7806736937827982,0
1.1307343238341008,-0.31275876906202615,0
0.8557918203559397,-0.5489591198742496,0
-0.9872930687883194,0.4493647959764163,0
-0.40631917110109117,0.5157986226898629,1
0.44856312222387473,0.20212227494586615,1
0.26121688091704426,-1.0858100341728316,0
-0.3977776461355798,0.35983031070566973,1
1.0712125491450886,-0.367059568512837,0
-0.22422560507249187,-0.41269159248207704,1
0.3454282443964027,-0.11750277485350513,1
-0.9630407339009759,0.16292349355284394,0
0.14027125223280035,0.432295866833026,1
-0.9415306333643453,-0.25361410279824603,0
0.9482772135629635,-0.41433263579583424,0
-0.11561775293099766,1.065718329340403,0
-0.20739413320670483,-1.042391526615078,0
-0.11820941847514552,-1.093233920649833,0
0.39861404698927283,-0.7785889405891796,0
0.8477355754112593,0.31209763461426626,0
-0.128268571748947,0.9665350985065256,0
1.0537252900514849,-0.10495095612445116,0
-0.3374818228972077,-0.38825363685597064,1
0.015027207116983965,0.434653970455284,1
0.2230881258071138,-0.4090473515041884,1
-0.9453391082678463,-0.3164909713127402,0
-0.8387878892488099,-0.0005701254727227684,0
-0.4611510850842697,0.6956672957874533,0
-0.20497128937550654,-0.9210982927577009,0
-0.052587378233894005,-0.5153023984304764,1
0.2632968305810817,-0.43670705139431676,1
0.3712088134450074,-1.0138918260242553,0
-1.0633357874375668,0.42891954299670826,0
0.8286352887835792,0.40645969698669954,0
0.7661874884936939,0.6345533875632489,0
0.23639696007647854,-0.5798382565946372,1
0.8797826853541567,0.45125232073107635,0
-0.18787523625441593,-0.750230795666664,0
-0.5556606217593035,0.3240475802767381,1
-0.14711697397222073,0.4873813005804707,1
-0.010951693225471792,0.6419998339508021,1
-0.27501747279771394,0.9494031670083088,0
0.3096769370778114,0.20523237577936085,1
-0.1856166807771672,-0.3775396060529337,1
0.43684331772174523,-0.3033775583749277,1
0.22859501747394875,1.0919457437562854,0
-0.9994584559840708,-0.4706249918013213,0
-0.30896360756858626,0.26509103721017596,1
0.4814059577457508,0.02220916704394113,1
-0.45549575653845087,-0.04450277081040539,1
-0.5582513532220372,-0.10645825022496518,1
0.9311716647885758,0.3414852136500545,0
-0.17791233612083265,1.1652030836112202,0
0.18496800926827622,-0.4609587642593918,1
-0.30366329605783093,0.5189060185504856,1
-0.5875838329746608,0.7941780894019022,0
-1.085278453699284,0.2691211355392321,0
0.7107149575218419,0.05505010753057697,1
0.8272160932669612,-0.44664083209776606,0
-0.33670027280156234,-0.391745279937276,1
-0.9890741031981792,-0.17815481239068454,0
-0.11049452392953849,-0.4610556549174462,1
-0.5617195644739286,0.146849407556012,1
-0.40758083403209305,-0.034096192420089,1
-0.322562333681433,-0.18396792561917202,1
0.2827234848991239,-0.15630586099799648,1
-0.3037201468307985,1.039666565212903,0
-0.34735051392638255,0.31667290056622455,1
0.3878270844807763,-0.8162664240960238,0
-0.27204989869555,0.5458945617116566,1
-0.3308140525588,0.48077202669779345,1
-0.695220856459955,0.17151205038348263,0
0.2413635866550704,0.8880007691831868,0
0.37463463605297126,0.7780945643997637,0
-0.2732409485251465,-0.4786008524821575,1
-0.7669937120008661,-0.456444869212819,0
0.41271919928723255,0.21045859655575072,1
-0.17992500811544326,0.8184876531090438,0
0.025386448721552893,0.9443091248908769,0
0.31361283447044436,0.41526543604206395,1
0.12134697022733121,-0.1520101252768602,1
0.3830674926870797,-0.8438346434228685,0
0.6790598152503399,-0.6352490349504678,0
0.14790172079058647,0.869864688126212,0
-0.5357816734859473,0.02342635931203564,1
0.1644167167493754,0.40453386386532586,1
-0.4566488609051761,0.8529979812588876,0
0.39386837268433755,-0.006991836153896383,1
-0.45245561615872,-0.7460246337184039,0
0.5052872903784288,-0.03491339490175518,1
-0.06398360115626117,-1.032024677313906,0
-0.37746902386564996,0.22854083785960438,1
-0.4944960817086145,-0.26178675320769434,1
0.7718974775131144,0.7459301569425663,0
0.18817752277341998,0.5284354913633099,1
-0.9790464232441566,-0.3359462722205053,0
-0.4097348417534032,0.3781738637694671,1
0.6139818757534167,-0.04003325282919333,1
0.685931778313976,-0.7265421650813503,0
0.682313399350201,0.06350708432707444,1
0.0410168564563944,0.415670385331423,1
0.47537620392231456,0.2198407997440492,1
0.20529361742215857,0.3910531109039386,1
-0.5995591871977078,-0.6209903613709532,0
0.4768565971705906,-0.24806056760446588,1
-0.18226615996665796,0.5679549641701217,1
-0.04655623552791625,1.0610648451474578,0
-1.0169342589732764,0.02645082961283471,0
0.21717185072846748,-0.8642780052623847,0
-0.7859422400902244,0.6997259898855172,0
0.6092108585567764,0.25115936001284345,1
0.7573407773677926,-0.5611797285569925,0
-0.505839585895334,-0.06349890586139442,1
-0.46403900023528966,0.05669628688830568,1
-0.5435998247446543,-0.2681574938461153,1
-0.42077077637111004,-0.8859157369240712,0
-0.9404893579016779,0.4135025334193193,0
-0.2294733739201631,0.398146530300453,1
-0.255152334532165,-0.00798142745407554,1
0.48061031535637166,0.8534127616929958,0
-0.09545693129934467,0.5229252900604019,1
0.6633985450422469,0.6019235702252373,0
0.37193131283692105,-0.18422848291931326,1
0.5466886757858489,0.06787555000313378,1
-0.45958947312232656,0.2545459781456905,1
-0.2928571558547174,-0.2693092500999378,1
0.3415162992008867,-0.921022646166543,0
-0.681796445426275,0.09872682581060319,1
0.11358020337238463,0.5133815370731697,1
-0.5252886271884251,-0.13354731228303202,1
-0.2953974393932335,-0.8147865888820651,0
-1.1153493487840311,0.2778457847832829,0
1.1209241421127583,0.10185870730592608,0
-0.13527603505236815,-0.34340658385833056,1
-0.13260601404752703,-0.6263906663766741,1
0.3907619425052138,-0.13119373496605058,1
0.3542627630061147,0.5008187228900646,1
-1.1142576045068604,0.04819682983835753,0
1.0332872196905554,0.3626697010917401,0
0.5274848099313023,-0.5326331772527357,0
0.21939180731535715,0.5802537046145384,1
-0.24192610138031756,-0.10099183538458023,1
0.28903100250656555,0.9380405574768605,0
0.3154277870640897,-0.4640335433294035,1
0.11963632796108954,0.47803733650432123,1
0.12406739300552753,-0.9059763358035008,0
-0.1198438230903649,-0.8856028899557473,0
-0.7073143656254958,0.5400189386315573,0
-0.5530744763360061,-0.30320436110998167,1
-0.6793994209287464,0.9399337051602634,0
0.9287301299008852,-0.42213337131229245,0
-0.05559117691889884,-0.5627326205709645,1
-0.8359605480894297,0.5208198649563018,0
0.3913197216823321,0.7135781757839257,0
0.27737792043588383,0.29206509502813127,1
0.5580791156280226,0.07544733494465851,1
-1.0099213304351822,-0.16774408744527583,0
-0.5595128370679555,-0.9381646354257047,0
0.4963169638725514,-0.00958760757445825,1
-0.12654050327686056,-0.24405014740294692,1
-0.3442122399068327,0.09064257162300424,1
0.342475512848132,-0.4074568890840712,1
0.18989596691797073,-0.4632098218305106,1
0.5854845376936376,-0.7837800718125258,0
0.0474726766759709,0.5338047062084926,1
-1.0367768703704074,0.2054987580318116,0
-0.9217855729106699,-0.07561466597374576,0
-0.4074183891200026,0.1904204417996247,1
-0.35955112914301235,0.3387646908661372,1
0.7945075124558247,-0.6336531403899592,0
-0.6975822231201019,0.7746206426482681,0
0.7155249213786183,0.81882847865554,0
-0.3886932370468834,0.027195054325024823,1
0.25353949532412023,0.47379857799287584,1
-0.28751030879959943,-0.29140813726823667,1
-0.036422484630567874,1.242745064469264,0
-0.4503342739245768,0.07301570971970034,1
-0.21237043923375645,1.0924883057977475,0
-0.8696321625119232,0.29412403102090445,0
-0.5478253748506243,-0.02937713209628616,1
-0.8138530852654409,-0.5364118625581217,0
0.48674747085233033,0.07494990696554536,1
-0.446589521039809,-0.5132696712710467,1
0.13429178229356814,-0.4791255252585255,1
0.06035426463746255,1.097221601369774,0
0.7121472003614129,0.5983778511759429,0
-0.8306033538014099,0.5534493795011063,0
0.6957951323733867,-0.14807634722441532,1
0.9730182693594254,-0.2312672557931658,0
0.4969460364876159,0.5424643094589494,1
0.5625210999882035,-1.0456053744916378,0
-0.21390752595513557,-0.7428608363954476,1
0.5039173906720364,-1.1127058002988712,0
-0.8887716422217615,0.5085474013183157,0
0.5372485330119368,0.7286574834514048,0
-0.4414387424006388,0.21590442713046393,1
0.17041518564984837,0.6777599444182668,1
-0.36001820574404286,-1.0359446201989648,0
0.9852790720186886,-0.4300101971466357,0
0.829046471501309,0.49652111359272805,0
0.46585280191157447,0.23278547685847845,1
-0.7805391525724419,0.295498273765173,0
-0.9856259066791216,-0.2779769590606772,0
1.0144574327116356,-0.14179940568113017,0
-0.09790928653231318,1.10409382148231,0
-0.5592893013100455,-0.07419795615806195,1
-0.49294982572938284,-0.2576316992702693,1
0.4716277441703484,0.2682432637683746,1
1.0418228622672878,0.11043666400362173,0
1.1213444597336373,0.07308026067279741,0
-0.5572831473999601,0.803576020356801,0
0.5120637608055357,0.08632960255108078,1
0.13775158243003932,0.44748778235253694,1
-0.629502464087077,-0.8277955648205904,0
0.22072059386389717,-1.055217452683535,0
-0.3154510296499716,0.334295039099993,1
0.05657941431591321,0.5065348951492915,1
0.4075611667872677,-0.12686498202210353,1
-0.5361292521222054,0.7101952524811628,0
-0.7569985626340201,0.7823956237911861,0
-0.48242312704443785,0.1939354175492706,1
1.0932970637542254,-0.1560418673233959,0
-0.467766019541088,-0.9782749606345925,0
-0.12322223403743693,-0.567926151411298,1
0.9539853483403754,0.7699426883481868,0
-0.2136015888249095,1.007994035312605,0
0.2600073012869106,1.1062658284134745,0
0.6175946437066449,0.3442418265058856,1
0.673167261047296,0.7013156726610763,0
-0.024079110917835336,0.9867540277819987,0
0.36329737046681637,-0.4049067429217608,1
0.14731510218667926,-1.0876278704875602,0
0.22804380797050422,0.1908002634642783,1
0.6475488568077771,0.6121627856509806,0
0.09377846517766716,-1.0184652819082125,0
-0.1173916093627429,-0.2349444515724936,1
-0.14763362366460314,-1.149507438143515,0
-0.6040098710359215,0.6711110450833638,0
0.5249630899831795,0.13367704144475273,1
-0.5799424987404385,-0.19230711560185257,1
0.4453633956708239,0.21902681789217873,1
0.4544199862993032,0.5010930881906943,1
-0.6586502481740095,-0.3683562624283187,1
1.107411556226874,-0.16871540715091746,0
-0.7624479504881756,0.5599567298948628,0
-0.5751710297250004,-0.7194382087223209,0
-0.42373841501481097,0.9622270691170474,0
0.027022540506955402,0.49718083572913946,1
-0.6309680828731136,-0.09601544790748337,1
-1.0653914961539914,0.03995706032942091,0
0.4116642971278125,-0.5417600553824798,1
0.4325653391815681,-0.2958022277366722,1
-0.23892350257980832,-0.3358626355453162,1
0.6203052937073881,0.07873854076153879,1
0.7639427590743594,-0.4896193352461816,0
0.18608784167378528,0.9651553698257611,0
-0.21696691799333917,0.6118798301681903,1
0.44990699529544326,0.08034520875549472,1
-0.40143637924495973,0.24871939607168383,1
0.25024536502466327,-0.33385975576177096,1
-0.3415225110087488,-0.2412212096763417,1
-0.3874281468160054,-0.2114345400951582,1
0.38526658818084886,-0.20818949624131927,1
-0.9247579491960929,0.40691141341293025,0
-0.7532978863267923,0.42828695826356,0
0.03271933341761546,1.1436053834658861,0
0.25097244460297596,-0.5789631442657966,1
0.10077199130318665,-0.84036824184571,0
0.4936221631306407,-0.018454222917023144,1
0.41406299137166325,-0.7659530562525874,0
-0.33929903667449884,-0.2842980275510336,1
0.9658942215993152,0.1927243029588389,0
0.24570285147593457,-0.569856530327617,1
-0.9087071915218787,-0.492133746670548,0
0.036813244660401964,-0.4474759244097069,1
0.29333732519030375,-0.13740836866729628,1
0.025865744908853128,0.7405881913212671,1
-0.823488613975895,-0.4799018628606472,0
0.03579226862612914,0.8994717421649759,0
-0.3970864069870671,-0.44529558582771744,1
0.8312022224004226,0.7130486193235268,0
0.21327787500475437,-1.031553456723011,0
0.650822962694076,-0.7016963833624762,0
1.0733219501682032,0.3924373341974823,0
0.5609574196739074,-0.12424278874707748,1
-0.24032572189305745,0.5425482057791178,1
-0.2815285026241684,0.4093046375628908,1
1.157403046391292,-0.339125646988694,0
-0.4778795808783831,-0.4458673440565829,1
-0.35129003271571296,-0.3769196665776719,1
-0.6697275572982305,-0.49141880688521355,0
0.3255197112143114,-0.3380900683786263,1
-0.20612402319844728,-0.4855011418966389,1
-0.020752182193783976,0.4726776548632201,1
0.684753780572828,-0.6063331315983895,0
-0.7723090446802372,0.6094973698374943,0
1.038865700869774,-0.02384893241478131,0
0.2856550664004044,-0.4969880698457786,1
-0.0229631670042878,-0.28844596161167124,1
-0.3943525618174432,0.061197936053710544,1
0.3573896208558302,-1.0506289211438733,0
0.9692087468538411,-0.21173943653785832,0
0.04362057245470132,-1.0229443868315353,0
0.5688596497842815,0.8047545249594754,0
-0.9028527744617472,-0.5932964083712284,0
-0.03517539631045442,0.39362677687895814,1
0.4859958332353591,0.2993182833085819,1
-0.576609921654987,0.8443391803550792,0
0.10648222497487714,0.40147064908805047,1
-0.4725056108710864,-0.9846523212732508,0
-0.3425504322759717,-0.643275730154895,1
0.47993444304187877,0.28869840025652627,1
0.6733320922235031,-0.6799270528150958,0
0.07388903157177244,0.4855399616153803,1
0.012362429218294363,0.4650481188982721,1
-0.3516181811876459,0.022658172645806163,1
-0.5184106494510805,0.8252026825516476,0
0.503183814313684,0.30602689778543546,1
-0.6488188625661542,-0.011638832720571174,1
0.07681570512819244,-0.5105764326522844,1
-0.049084416200499734,1.065371886431936,0
-0.37564387581238273,-0.5713780442616232,1
0.22990011473707353,-0.5843739176877362,1
-0.19132136785921905,0.5014795720124384,1
0.05929297260338544,-0.6640182745924946,1
-0.1366607632831905,0.937693633898345,0
0.2169349753578883,-0.5041708547129656,1
0.1925414568523392,0.4720785492126887,1
-0.15847457446966734,-0.4736271985505357,1
0.2013206658590435,-0.5260731790750749,1
